/* ============================================================
   10_Seed_Treatment_Approval_Data_NoLoop.sql
   Muc dich: Bo sung du lieu that de test chuc nang
             CAN BO QUAN LY - PHE DUYET PHAC DO DIEU TRI
   Database: rehab_center_db
   Ghi chu : Khong dung WHILE/CURSOR/vong lap SQL.
             Co the chay lai nhieu lan; du lieu seed co prefix TPA- se duoc xoa va tao lai.
   ============================================================ */

USE rehab_center_db;
GO

SET NOCOUNT ON;
GO

/* 1. Xoa du lieu seed cu theo dung thu tu khoa ngoai */
DELETE FROM NhatKyDieuTri WHERE MaChiTietPhacDo LIKE 'TPA-CT%';
DELETE FROM ChiTietPhacDoDieuTri WHERE MaChiTietPhacDo LIKE 'TPA-CT%';
DELETE FROM PhacDoDieuTri WHERE MaPhacDoDT LIKE 'TPA-PD%';
DELETE FROM HoSoBenhAn WHERE MaBenhAn LIKE 'TPA-BA%';
DELETE FROM PhanCongPhuTrach WHERE MaPhanCong LIKE 'TPA-PC%';
DELETE FROM NguoiCaiNghien WHERE MaNguoiCaiNghien LIKE 'TPA-NCN%';
DELETE FROM HoSoBanGiao WHERE MaHoSoBanGiao LIKE 'TPA-HSBG%';
DELETE FROM CanBoQuanLyHoSo WHERE MaCanBoCongAn = 'TPA-CA01';
DELETE FROM NhanSu WHERE MaNhanSu IN ('TPA-QL01','TPA-BS01','TPA-BS02','TPA-NV01');
DELETE FROM NguoiThan WHERE MaNguoiDung IN (SELECT MaNguoiDung FROM NguoiDung WHERE TenDangNhap LIKE 'tpa_%');
DELETE FROM NguoiDung WHERE TenDangNhap LIKE 'tpa_%';
GO

/* 2. Bao dam danh muc co san */
IF NOT EXISTS (SELECT 1 FROM VaiTro WHERE MaVaiTro = 1) INSERT INTO VaiTro (MaVaiTro, TenVaiTro, MoTa) VALUES (1, 'NGUOI_THAN', N'Người thân của người cai nghiện');
IF NOT EXISTS (SELECT 1 FROM VaiTro WHERE MaVaiTro = 2) INSERT INTO VaiTro (MaVaiTro, TenVaiTro, MoTa) VALUES (2, 'CAN_BO_QUAN_LY_HO_SO', N'Cán bộ quản lý hồ sơ / Công an');
IF NOT EXISTS (SELECT 1 FROM VaiTro WHERE MaVaiTro = 3) INSERT INTO VaiTro (MaVaiTro, TenVaiTro, MoTa) VALUES (3, 'CAN_BO_TRUNG_TAM', N'Cán bộ trung tâm / Nhân viên');
IF NOT EXISTS (SELECT 1 FROM VaiTro WHERE MaVaiTro = 4) INSERT INTO VaiTro (MaVaiTro, TenVaiTro, MoTa) VALUES (4, 'CAN_BO_PHU_TRACH', N'Cán bộ phụ trách / Bác sĩ');
IF NOT EXISTS (SELECT 1 FROM VaiTro WHERE MaVaiTro = 5) INSERT INTO VaiTro (MaVaiTro, TenVaiTro, MoTa) VALUES (5, 'CAN_BO_QUAN_LY', N'Cán bộ quản lý');
IF NOT EXISTS (SELECT 1 FROM DanhMucGiaiDoan WHERE MaGiaiDoan = 'GD001') INSERT INTO DanhMucGiaiDoan (MaGiaiDoan, TenGiaiDoan, ThuTu, MoTa) VALUES ('GD001', N'Giai đoạn 1 - Cai nghiện', 1, N'Cai nghiện, cắt cơn và ổn định thể chất ban đầu');
IF NOT EXISTS (SELECT 1 FROM DanhMucGiaiDoan WHERE MaGiaiDoan = 'GD002') INSERT INTO DanhMucGiaiDoan (MaGiaiDoan, TenGiaiDoan, ThuTu, MoTa) VALUES ('GD002', N'Giai đoạn 2 - Phục hồi', 2, N'Phục hồi sức khỏe, tâm lý và kỹ năng sống');
IF NOT EXISTS (SELECT 1 FROM DanhMucGiaiDoan WHERE MaGiaiDoan = 'GD003') INSERT INTO DanhMucGiaiDoan (MaGiaiDoan, TenGiaiDoan, ThuTu, MoTa) VALUES ('GD003', N'Giai đoạn 3 - Tái hòa nhập', 3, N'Chuẩn bị tái hòa nhập cộng đồng');
GO

/* 3. Tao tai khoan, nhan su, can bo ho so va nguoi than phuc vu test */
DECLARE @Pwd VARCHAR(255) = '$2b$12$uMcxcPsosUQnYQUBFLJPC.96REIebfyhMoMZU1bh44RwONqmsg.B2';

INSERT INTO NguoiDung (TenDangNhap, MatKhau, HoTen, SoDienThoai, Email, MaVaiTro, TrangThai) VALUES
('tpa_manager', @Pwd, N'Quản lý Nguyễn Minh Quân', '0901000001', 'tpa.manager@rehab.test', 5, 'DANG_HOAT_DONG'),
('tpa_doctor_1', @Pwd, N'Bác sĩ Trần Thị An', '0901000002', 'tpa.doctor1@rehab.test', 4, 'DANG_HOAT_DONG'),
('tpa_doctor_2', @Pwd, N'Bác sĩ Lê Quốc Bình', '0901000003', 'tpa.doctor2@rehab.test', 4, 'DANG_HOAT_DONG'),
('tpa_staff', @Pwd, N'Nhân viên tiếp nhận Phạm Hồng', '0901000004', 'tpa.staff@rehab.test', 3, 'DANG_HOAT_DONG'),
('tpa_police', @Pwd, N'Cán bộ hồ sơ Võ Thành', '0901000005', 'tpa.police@rehab.test', 2, 'DANG_HOAT_DONG'),
('tpa_family', @Pwd, N'Người thân test phác đồ', '0901000006', 'tpa.family@rehab.test', 1, 'DANG_HOAT_DONG');
DECLARE @UserManager INT = (SELECT MaNguoiDung FROM NguoiDung WHERE TenDangNhap = 'tpa_manager');
DECLARE @UserDoctor1 INT = (SELECT MaNguoiDung FROM NguoiDung WHERE TenDangNhap = 'tpa_doctor_1');
DECLARE @UserDoctor2 INT = (SELECT MaNguoiDung FROM NguoiDung WHERE TenDangNhap = 'tpa_doctor_2');
DECLARE @UserStaff INT = (SELECT MaNguoiDung FROM NguoiDung WHERE TenDangNhap = 'tpa_staff');
DECLARE @UserPolice INT = (SELECT MaNguoiDung FROM NguoiDung WHERE TenDangNhap = 'tpa_police');
DECLARE @UserFamily INT = (SELECT MaNguoiDung FROM NguoiDung WHERE TenDangNhap = 'tpa_family');

INSERT INTO NhanSu (MaNhanSu, MaNguoiDung, TrangThai, ChucVu) VALUES
('TPA-QL01', @UserManager, 'DANG_LAM_VIEC', N'Cán bộ quản lý phê duyệt phác đồ'),
('TPA-BS01', @UserDoctor1, 'DANG_LAM_VIEC', N'Bác sĩ phụ trách điều trị'),
('TPA-BS02', @UserDoctor2, 'DANG_LAM_VIEC', N'Bác sĩ tâm lý lâm sàng'),
('TPA-NV01', @UserStaff, 'DANG_LAM_VIEC', N'Cán bộ trung tâm');

INSERT INTO CanBoQuanLyHoSo (MaCanBoCongAn, MaNguoiDung, HoTen, SoHieuCAND, DonViCongTac, SoDienThoai) VALUES
('TPA-CA01', @UserPolice, N'Cán bộ hồ sơ Võ Thành', 'TPA-CAND-01', N'Đội Cảnh sát điều tra tội phạm về ma túy - Công an Quận', '0901000005');

INSERT INTO NguoiThan (MaNguoiDung, SoCCCD, NgayCap, NoiCap, DiaChi, NgheNghiep, AnhChanDung) VALUES
(@UserFamily, '079260199999', '2022-06-10', N'Cục Cảnh sát QLHC về TTXH', N'Quận Hải Châu, Thành phố Đà Nẵng', N'Kinh doanh tự do', 'https://images.unsplash.com/photo-1494790108377-be9c29b29330');

DECLARE @MaNguoiThan INT = (SELECT MaNguoiThan FROM NguoiThan WHERE MaNguoiDung = @UserFamily);

/* 4. Tao ho so ban giao, nguoi cai nghien, benh an va phac do */
INSERT INTO HoSoBanGiao (MaHoSoBanGiao, MaCanBoCongAn, HoTenDoiTuong, CCCD, NgaySinh, QueQuan, NoiO_HienTai, HoTenNguoiThan, SdtNguoiThan, QuanHeVoiDoiTuong, HanhViViPham, FileQuyetDinh, TrangThaiDuyet, MaNhanSuDuyet, NgayDuyet, MaCBQL) VALUES
('TPA-HSBG001', N'TPA-CA01', N'Nguyễn Văn An', '079260100001', '1998-01-12', N'Đà Nẵng', N'Đà Nẵng', N'Người thân test phác đồ', '0901000006', N'Người thân', N'Hồ sơ tiếp nhận phục vụ kiểm thử phê duyệt phác đồ điều trị; đối tượng đã hoàn tất thủ tục pháp lý và cần lập kế hoạch điều trị theo từng giai đoạn.', 'https://example.com/quyet-dinh/tpa-hsbg001.pdf', 'DaTiepNhan', 'TPA-NV01', DATEADD(day, -61, GETDATE()), 'TPA-CA01'),
('TPA-HSBG002', N'TPA-CA01', N'Trần Minh Bảo', '079260100002', '1995-03-25', N'Quảng Nam', N'Đà Nẵng', N'Người thân test phác đồ', '0901000006', N'Người thân', N'Hồ sơ tiếp nhận phục vụ kiểm thử phê duyệt phác đồ điều trị; đối tượng đã hoàn tất thủ tục pháp lý và cần lập kế hoạch điều trị theo từng giai đoạn.', 'https://example.com/quyet-dinh/tpa-hsbg002.pdf', 'DaTiepNhan', 'TPA-NV01', DATEADD(day, -62, GETDATE()), 'TPA-CA01'),
('TPA-HSBG003', N'TPA-CA01', N'Lê Hoàng Cường', '079260100003', '1992-07-08', N'Huế', N'Đà Nẵng', N'Người thân test phác đồ', '0901000006', N'Người thân', N'Hồ sơ tiếp nhận phục vụ kiểm thử phê duyệt phác đồ điều trị; đối tượng đã hoàn tất thủ tục pháp lý và cần lập kế hoạch điều trị theo từng giai đoạn.', 'https://example.com/quyet-dinh/tpa-hsbg003.pdf', 'DaTiepNhan', 'TPA-NV01', DATEADD(day, -63, GETDATE()), 'TPA-CA01'),
('TPA-HSBG004', N'TPA-CA01', N'Phạm Quốc Dũng', '079260100004', '2000-11-18', N'Đà Nẵng', N'Đà Nẵng', N'Người thân test phác đồ', '0901000006', N'Người thân', N'Hồ sơ tiếp nhận phục vụ kiểm thử phê duyệt phác đồ điều trị; đối tượng đã hoàn tất thủ tục pháp lý và cần lập kế hoạch điều trị theo từng giai đoạn.', 'https://example.com/quyet-dinh/tpa-hsbg004.pdf', 'DaTiepNhan', 'TPA-NV01', DATEADD(day, -64, GETDATE()), 'TPA-CA01'),
('TPA-HSBG005', N'TPA-CA01', N'Võ Thành Đạt', '079260100005', '1997-05-02', N'Quảng Ngãi', N'Đà Nẵng', N'Người thân test phác đồ', '0901000006', N'Người thân', N'Hồ sơ tiếp nhận phục vụ kiểm thử phê duyệt phác đồ điều trị; đối tượng đã hoàn tất thủ tục pháp lý và cần lập kế hoạch điều trị theo từng giai đoạn.', 'https://example.com/quyet-dinh/tpa-hsbg005.pdf', 'DaTiepNhan', 'TPA-NV01', DATEADD(day, -65, GETDATE()), 'TPA-CA01'),
('TPA-HSBG006', N'TPA-CA01', N'Đặng Minh Đức', '079260100006', '1999-09-14', N'Bình Định', N'Đà Nẵng', N'Người thân test phác đồ', '0901000006', N'Người thân', N'Hồ sơ tiếp nhận phục vụ kiểm thử phê duyệt phác đồ điều trị; đối tượng đã hoàn tất thủ tục pháp lý và cần lập kế hoạch điều trị theo từng giai đoạn.', 'https://example.com/quyet-dinh/tpa-hsbg006.pdf', 'DaTiepNhan', 'TPA-NV01', DATEADD(day, -66, GETDATE()), 'TPA-CA01'),
('TPA-HSBG007', N'TPA-CA01', N'Hoàng Gia Hưng', '079260100007', '1994-12-30', N'Đà Nẵng', N'Đà Nẵng', N'Người thân test phác đồ', '0901000006', N'Người thân', N'Hồ sơ tiếp nhận phục vụ kiểm thử phê duyệt phác đồ điều trị; đối tượng đã hoàn tất thủ tục pháp lý và cần lập kế hoạch điều trị theo từng giai đoạn.', 'https://example.com/quyet-dinh/tpa-hsbg007.pdf', 'DaTiepNhan', 'TPA-NV01', DATEADD(day, -67, GETDATE()), 'TPA-CA01'),
('TPA-HSBG008', N'TPA-CA01', N'Bùi Khánh Hòa', '079260100008', '1996-02-10', N'Quảng Nam', N'Đà Nẵng', N'Người thân test phác đồ', '0901000006', N'Người thân', N'Hồ sơ tiếp nhận phục vụ kiểm thử phê duyệt phác đồ điều trị; đối tượng đã hoàn tất thủ tục pháp lý và cần lập kế hoạch điều trị theo từng giai đoạn.', 'https://example.com/quyet-dinh/tpa-hsbg008.pdf', 'DaTiepNhan', 'TPA-NV01', DATEADD(day, -68, GETDATE()), 'TPA-CA01'),
('TPA-HSBG009', N'TPA-CA01', N'Ngô Tuấn Kiệt', '079260100009', '2001-06-22', N'Đà Nẵng', N'Đà Nẵng', N'Người thân test phác đồ', '0901000006', N'Người thân', N'Hồ sơ tiếp nhận phục vụ kiểm thử phê duyệt phác đồ điều trị; đối tượng đã hoàn tất thủ tục pháp lý và cần lập kế hoạch điều trị theo từng giai đoạn.', 'https://example.com/quyet-dinh/tpa-hsbg009.pdf', 'DaTiepNhan', 'TPA-NV01', DATEADD(day, -69, GETDATE()), 'TPA-CA01'),
('TPA-HSBG010', N'TPA-CA01', N'Mai Thanh Lâm', '079260100010', '1993-10-03', N'Gia Lai', N'Đà Nẵng', N'Người thân test phác đồ', '0901000006', N'Người thân', N'Hồ sơ tiếp nhận phục vụ kiểm thử phê duyệt phác đồ điều trị; đối tượng đã hoàn tất thủ tục pháp lý và cần lập kế hoạch điều trị theo từng giai đoạn.', 'https://example.com/quyet-dinh/tpa-hsbg010.pdf', 'DaTiepNhan', 'TPA-NV01', DATEADD(day, -70, GETDATE()), 'TPA-CA01'),
('TPA-HSBG011', N'TPA-CA01', N'Chu Văn Long', '079260100011', '1990-04-19', N'Đà Nẵng', N'Đà Nẵng', N'Người thân test phác đồ', '0901000006', N'Người thân', N'Hồ sơ tiếp nhận phục vụ kiểm thử phê duyệt phác đồ điều trị; đối tượng đã hoàn tất thủ tục pháp lý và cần lập kế hoạch điều trị theo từng giai đoạn.', 'https://example.com/quyet-dinh/tpa-hsbg011.pdf', 'DaTiepNhan', 'TPA-NV01', DATEADD(day, -71, GETDATE()), 'TPA-CA01'),
('TPA-HSBG012', N'TPA-CA01', N'Tạ Minh Nhật', '079260100012', '1998-08-28', N'Quảng Trị', N'Đà Nẵng', N'Người thân test phác đồ', '0901000006', N'Người thân', N'Hồ sơ tiếp nhận phục vụ kiểm thử phê duyệt phác đồ điều trị; đối tượng đã hoàn tất thủ tục pháp lý và cần lập kế hoạch điều trị theo từng giai đoạn.', 'https://example.com/quyet-dinh/tpa-hsbg012.pdf', 'DaTiepNhan', 'TPA-NV01', DATEADD(day, -72, GETDATE()), 'TPA-CA01'),
('TPA-HSBG013', N'TPA-CA01', N'Dương Văn Phát', '079260100013', '1997-01-07', N'Đà Nẵng', N'Đà Nẵng', N'Người thân test phác đồ', '0901000006', N'Người thân', N'Hồ sơ tiếp nhận phục vụ kiểm thử phê duyệt phác đồ điều trị; đối tượng đã hoàn tất thủ tục pháp lý và cần lập kế hoạch điều trị theo từng giai đoạn.', 'https://example.com/quyet-dinh/tpa-hsbg013.pdf', 'DaTiepNhan', 'TPA-NV01', DATEADD(day, -73, GETDATE()), 'TPA-CA01'),
('TPA-HSBG014', N'TPA-CA01', N'Lý Quốc Sơn', '079260100014', '1995-09-09', N'Quảng Nam', N'Đà Nẵng', N'Người thân test phác đồ', '0901000006', N'Người thân', N'Hồ sơ tiếp nhận phục vụ kiểm thử phê duyệt phác đồ điều trị; đối tượng đã hoàn tất thủ tục pháp lý và cần lập kế hoạch điều trị theo từng giai đoạn.', 'https://example.com/quyet-dinh/tpa-hsbg014.pdf', 'DaTiepNhan', 'TPA-NV01', DATEADD(day, -74, GETDATE()), 'TPA-CA01'),
('TPA-HSBG015', N'TPA-CA01', N'Hồ Văn Tín', '079260100015', '1991-12-12', N'Kon Tum', N'Đà Nẵng', N'Người thân test phác đồ', '0901000006', N'Người thân', N'Hồ sơ tiếp nhận phục vụ kiểm thử phê duyệt phác đồ điều trị; đối tượng đã hoàn tất thủ tục pháp lý và cần lập kế hoạch điều trị theo từng giai đoạn.', 'https://example.com/quyet-dinh/tpa-hsbg015.pdf', 'DaTiepNhan', 'TPA-NV01', DATEADD(day, -75, GETDATE()), 'TPA-CA01');

INSERT INTO NguoiCaiNghien (MaNguoiCaiNghien, MaDonTuNguyen, MaHoSoBanGiao, MaNguoiThan, HoTen, CCCD, NgayVaoTrai, MaGiaiDoanHienTai, TrangThai) VALUES
('TPA-NCN001', NULL, 'TPA-HSBG001', @MaNguoiThan, N'Nguyễn Văn An', '079260100001', DATEADD(day, -61, GETDATE()), 'GD001', 'DANG_CAI_NGHIEN'),
('TPA-NCN002', NULL, 'TPA-HSBG002', @MaNguoiThan, N'Trần Minh Bảo', '079260100002', DATEADD(day, -62, GETDATE()), 'GD001', 'DANG_CAI_NGHIEN'),
('TPA-NCN003', NULL, 'TPA-HSBG003', @MaNguoiThan, N'Lê Hoàng Cường', '079260100003', DATEADD(day, -63, GETDATE()), 'GD002', 'DANG_CAI_NGHIEN'),
('TPA-NCN004', NULL, 'TPA-HSBG004', @MaNguoiThan, N'Phạm Quốc Dũng', '079260100004', DATEADD(day, -64, GETDATE()), 'GD001', 'DANG_CAI_NGHIEN'),
('TPA-NCN005', NULL, 'TPA-HSBG005', @MaNguoiThan, N'Võ Thành Đạt', '079260100005', DATEADD(day, -65, GETDATE()), 'GD002', 'DANG_CAI_NGHIEN'),
('TPA-NCN006', NULL, 'TPA-HSBG006', @MaNguoiThan, N'Đặng Minh Đức', '079260100006', DATEADD(day, -66, GETDATE()), 'GD001', 'DANG_CAI_NGHIEN'),
('TPA-NCN007', NULL, 'TPA-HSBG007', @MaNguoiThan, N'Hoàng Gia Hưng', '079260100007', DATEADD(day, -67, GETDATE()), 'GD002', 'DANG_CAI_NGHIEN'),
('TPA-NCN008', NULL, 'TPA-HSBG008', @MaNguoiThan, N'Bùi Khánh Hòa', '079260100008', DATEADD(day, -68, GETDATE()), 'GD003', 'DANG_CAI_NGHIEN'),
('TPA-NCN009', NULL, 'TPA-HSBG009', @MaNguoiThan, N'Ngô Tuấn Kiệt', '079260100009', DATEADD(day, -69, GETDATE()), 'GD001', 'DANG_CAI_NGHIEN'),
('TPA-NCN010', NULL, 'TPA-HSBG010', @MaNguoiThan, N'Mai Thanh Lâm', '079260100010', DATEADD(day, -70, GETDATE()), 'GD002', 'DANG_CAI_NGHIEN'),
('TPA-NCN011', NULL, 'TPA-HSBG011', @MaNguoiThan, N'Chu Văn Long', '079260100011', DATEADD(day, -71, GETDATE()), 'GD001', 'DANG_CAI_NGHIEN'),
('TPA-NCN012', NULL, 'TPA-HSBG012', @MaNguoiThan, N'Tạ Minh Nhật', '079260100012', DATEADD(day, -72, GETDATE()), 'GD002', 'DANG_CAI_NGHIEN'),
('TPA-NCN013', NULL, 'TPA-HSBG013', @MaNguoiThan, N'Dương Văn Phát', '079260100013', DATEADD(day, -73, GETDATE()), 'GD003', 'DANG_CAI_NGHIEN'),
('TPA-NCN014', NULL, 'TPA-HSBG014', @MaNguoiThan, N'Lý Quốc Sơn', '079260100014', DATEADD(day, -74, GETDATE()), 'GD001', 'DANG_CAI_NGHIEN'),
('TPA-NCN015', NULL, 'TPA-HSBG015', @MaNguoiThan, N'Hồ Văn Tín', '079260100015', DATEADD(day, -75, GETDATE()), 'GD002', 'DANG_CAI_NGHIEN');

INSERT INTO PhanCongPhuTrach (MaPhanCong, MaNguoiCaiNghien, MaBacSi, MaQuanLy, NgayBatDau, NgayKetThuc, TrangThai) VALUES
('TPA-PC001', 'TPA-NCN001', 'TPA-BS01', 'TPA-QL01', DATEADD(day, -61, GETDATE()), DATEADD(day, 301, GETDATE()), 'DANG_PHU_TRACH'),
('TPA-PC002', 'TPA-NCN002', 'TPA-BS02', 'TPA-QL01', DATEADD(day, -62, GETDATE()), DATEADD(day, 302, GETDATE()), 'DANG_PHU_TRACH'),
('TPA-PC003', 'TPA-NCN003', 'TPA-BS01', 'TPA-QL01', DATEADD(day, -63, GETDATE()), DATEADD(day, 303, GETDATE()), 'DANG_PHU_TRACH'),
('TPA-PC004', 'TPA-NCN004', 'TPA-BS02', 'TPA-QL01', DATEADD(day, -64, GETDATE()), DATEADD(day, 304, GETDATE()), 'DANG_PHU_TRACH'),
('TPA-PC005', 'TPA-NCN005', 'TPA-BS01', 'TPA-QL01', DATEADD(day, -65, GETDATE()), DATEADD(day, 305, GETDATE()), 'DANG_PHU_TRACH'),
('TPA-PC006', 'TPA-NCN006', 'TPA-BS02', 'TPA-QL01', DATEADD(day, -66, GETDATE()), DATEADD(day, 306, GETDATE()), 'DANG_PHU_TRACH'),
('TPA-PC007', 'TPA-NCN007', 'TPA-BS01', 'TPA-QL01', DATEADD(day, -67, GETDATE()), DATEADD(day, 307, GETDATE()), 'DANG_PHU_TRACH'),
('TPA-PC008', 'TPA-NCN008', 'TPA-BS02', 'TPA-QL01', DATEADD(day, -68, GETDATE()), DATEADD(day, 308, GETDATE()), 'DANG_PHU_TRACH'),
('TPA-PC009', 'TPA-NCN009', 'TPA-BS01', 'TPA-QL01', DATEADD(day, -69, GETDATE()), DATEADD(day, 309, GETDATE()), 'DANG_PHU_TRACH'),
('TPA-PC010', 'TPA-NCN010', 'TPA-BS02', 'TPA-QL01', DATEADD(day, -70, GETDATE()), DATEADD(day, 310, GETDATE()), 'DANG_PHU_TRACH'),
('TPA-PC011', 'TPA-NCN011', 'TPA-BS01', 'TPA-QL01', DATEADD(day, -71, GETDATE()), DATEADD(day, 311, GETDATE()), 'DANG_PHU_TRACH'),
('TPA-PC012', 'TPA-NCN012', 'TPA-BS02', 'TPA-QL01', DATEADD(day, -72, GETDATE()), DATEADD(day, 312, GETDATE()), 'DANG_PHU_TRACH'),
('TPA-PC013', 'TPA-NCN013', 'TPA-BS01', 'TPA-QL01', DATEADD(day, -73, GETDATE()), DATEADD(day, 313, GETDATE()), 'DANG_PHU_TRACH'),
('TPA-PC014', 'TPA-NCN014', 'TPA-BS02', 'TPA-QL01', DATEADD(day, -74, GETDATE()), DATEADD(day, 314, GETDATE()), 'DANG_PHU_TRACH'),
('TPA-PC015', 'TPA-NCN015', 'TPA-BS01', 'TPA-QL01', DATEADD(day, -75, GETDATE()), DATEADD(day, 315, GETDATE()), 'DANG_PHU_TRACH');

INSERT INTO HoSoBenhAn (MaBenhAn, MaNguoiCaiNghien, MaBacSi, TienSuBenh, DiUng, ChieuCao, CanNang, NhomMau, NgayLap, NgayCapNhatCuoi) VALUES
('TPA-BA001', 'TPA-NCN001', 'TPA-BS01', N'Không có tiền sử bệnh nghiêm trọng', N'Không', 169.0, 58.2, 'O+', DATEADD(day, -56, GETDATE()), DATEADD(day, -1, GETDATE())),
('TPA-BA002', 'TPA-NCN002', 'TPA-BS02', N'Rối loạn giấc ngủ kéo dài, từng có giai đoạn lo âu', N'Penicillin', 171.5, 62.0, 'A+', DATEADD(day, -57, GETDATE()), DATEADD(day, -2, GETDATE())),
('TPA-BA003', 'TPA-NCN003', 'TPA-BS01', N'Viêm dạ dày nhẹ, cần theo dõi chế độ ăn', N'Không', 166.2, 57.5, 'B+', DATEADD(day, -58, GETDATE()), DATEADD(day, -3, GETDATE())),
('TPA-BA004', 'TPA-NCN004', 'TPA-BS02', N'Từng bị tụt huyết áp khi căng thẳng', N'Hải sản', 174.0, 66.3, 'AB+', DATEADD(day, -59, GETDATE()), DATEADD(day, -4, GETDATE())),
('TPA-BA005', 'TPA-NCN005', 'TPA-BS01', N'Không ghi nhận bệnh nền', N'Không', 168.4, 59.1, 'O+', DATEADD(day, -60, GETDATE()), DATEADD(day, -5, GETDATE())),
('TPA-BA006', 'TPA-NCN006', 'TPA-BS02', N'Có biểu hiện mệt mỏi, sụt cân trước khi vào trung tâm', N'Không', 172.0, 55.8, 'A-', DATEADD(day, -61, GETDATE()), DATEADD(day, -6, GETDATE())),
('TPA-BA007', 'TPA-NCN007', 'TPA-BS01', N'Rối loạn lo âu nhẹ, cần tư vấn định kỳ', N'Không', 170.0, 60.0, 'B-', DATEADD(day, -62, GETDATE()), DATEADD(day, -0, GETDATE())),
('TPA-BA008', 'TPA-NCN008', 'TPA-BS02', N'Sức khỏe ổn định, hợp tác điều trị tốt', N'Không', 167.8, 61.7, 'O-', DATEADD(day, -63, GETDATE()), DATEADD(day, -1, GETDATE())),
('TPA-BA009', 'TPA-NCN009', 'TPA-BS01', N'Hay mất ngủ, có thời điểm kích động nhẹ', N'Paracetamol', 175.5, 68.0, 'A+', DATEADD(day, -64, GETDATE()), DATEADD(day, -2, GETDATE())),
('TPA-BA010', 'TPA-NCN010', 'TPA-BS02', N'Từng sử dụng thuốc giảm đau kéo dài', N'Không', 165.0, 54.4, 'B+', DATEADD(day, -65, GETDATE()), DATEADD(day, -3, GETDATE())),
('TPA-BA011', 'TPA-NCN011', 'TPA-BS01', N'Cần theo dõi chức năng gan định kỳ', N'Không', 176.0, 70.2, 'AB-', DATEADD(day, -66, GETDATE()), DATEADD(day, -4, GETDATE())),
('TPA-BA012', 'TPA-NCN012', 'TPA-BS02', N'Từng có biểu hiện trầm buồn sau cai', N'Không', 169.9, 63.5, 'O+', DATEADD(day, -67, GETDATE()), DATEADD(day, -5, GETDATE())),
('TPA-BA013', 'TPA-NCN013', 'TPA-BS01', N'Sức khỏe phục hồi tốt, cần củng cố kỹ năng xã hội', N'Không', 173.1, 65.0, 'A+', DATEADD(day, -68, GETDATE()), DATEADD(day, -6, GETDATE())),
('TPA-BA014', 'TPA-NCN014', 'TPA-BS02', N'Không có tiền sử dị ứng thuốc', N'Không', 164.5, 52.2, 'O+', DATEADD(day, -69, GETDATE()), DATEADD(day, -0, GETDATE())),
('TPA-BA015', 'TPA-NCN015', 'TPA-BS01', N'Huyết áp dao động nhẹ khi mới tiếp nhận', N'Không', 170.3, 59.8, 'B+', DATEADD(day, -70, GETDATE()), DATEADD(day, -1, GETDATE()));

INSERT INTO PhacDoDieuTri (MaPhacDoDT, MaBenhAn, MaBacSi, LoaiMaTuy, TrangThai, NgayLap, GhiChu) VALUES
('TPA-PD001', 'TPA-BA001', 'TPA-BS01', 'HEROIN', 'BAN_NHAP', DATEADD(day, -46, GETDATE()), N'Phác đồ điều trị nhiều giai đoạn cho Nguyễn Văn An; dữ liệu dùng để kiểm thử màn hình phê duyệt phác đồ điều trị của cán bộ quản lý.'),
('TPA-PD002', 'TPA-BA002', 'TPA-BS02', 'MA_TUY_DA', 'BAN_NHAP', DATEADD(day, -47, GETDATE()), N'Phác đồ điều trị nhiều giai đoạn cho Trần Minh Bảo; dữ liệu dùng để kiểm thử màn hình phê duyệt phác đồ điều trị của cán bộ quản lý.'),
('TPA-PD003', 'TPA-BA003', 'TPA-BS01', 'CAN_SA', 'DANG_AP_DUNG', DATEADD(day, -48, GETDATE()), N'Phác đồ điều trị nhiều giai đoạn cho Lê Hoàng Cường; dữ liệu dùng để kiểm thử màn hình phê duyệt phác đồ điều trị của cán bộ quản lý.'),
('TPA-PD004', 'TPA-BA004', 'TPA-BS02', 'KETAMINE', 'BAN_NHAP', DATEADD(day, -49, GETDATE()), N'Phác đồ điều trị nhiều giai đoạn cho Phạm Quốc Dũng; dữ liệu dùng để kiểm thử màn hình phê duyệt phác đồ điều trị của cán bộ quản lý.'),
('TPA-PD005', 'TPA-BA005', 'TPA-BS01', 'THUOC_LAC', 'DANG_AP_DUNG', DATEADD(day, -50, GETDATE()), N'Phác đồ điều trị nhiều giai đoạn cho Võ Thành Đạt; dữ liệu dùng để kiểm thử màn hình phê duyệt phác đồ điều trị của cán bộ quản lý.'),
('TPA-PD006', 'TPA-BA006', 'TPA-BS02', 'HEROIN', 'BAN_NHAP', DATEADD(day, -51, GETDATE()), N'Phác đồ điều trị nhiều giai đoạn cho Đặng Minh Đức; dữ liệu dùng để kiểm thử màn hình phê duyệt phác đồ điều trị của cán bộ quản lý.'),
('TPA-PD007', 'TPA-BA007', 'TPA-BS01', 'MA_TUY_DA', 'DANG_AP_DUNG', DATEADD(day, -52, GETDATE()), N'Phác đồ điều trị nhiều giai đoạn cho Hoàng Gia Hưng; dữ liệu dùng để kiểm thử màn hình phê duyệt phác đồ điều trị của cán bộ quản lý.'),
('TPA-PD008', 'TPA-BA008', 'TPA-BS02', 'CAN_SA', 'DA_HOAN_THANH', DATEADD(day, -53, GETDATE()), N'Phác đồ điều trị nhiều giai đoạn cho Bùi Khánh Hòa; dữ liệu dùng để kiểm thử màn hình phê duyệt phác đồ điều trị của cán bộ quản lý.'),
('TPA-PD009', 'TPA-BA009', 'TPA-BS01', 'MA_TUY_DA', 'BAN_NHAP', DATEADD(day, -54, GETDATE()), N'Phác đồ điều trị nhiều giai đoạn cho Ngô Tuấn Kiệt; dữ liệu dùng để kiểm thử màn hình phê duyệt phác đồ điều trị của cán bộ quản lý.'),
('TPA-PD010', 'TPA-BA010', 'TPA-BS02', 'HEROIN', 'DANG_AP_DUNG', DATEADD(day, -55, GETDATE()), N'Phác đồ điều trị nhiều giai đoạn cho Mai Thanh Lâm; dữ liệu dùng để kiểm thử màn hình phê duyệt phác đồ điều trị của cán bộ quản lý.'),
('TPA-PD011', 'TPA-BA011', 'TPA-BS01', 'KHAC', 'BAN_NHAP', DATEADD(day, -56, GETDATE()), N'Phác đồ điều trị nhiều giai đoạn cho Chu Văn Long; dữ liệu dùng để kiểm thử màn hình phê duyệt phác đồ điều trị của cán bộ quản lý.'),
('TPA-PD012', 'TPA-BA012', 'TPA-BS02', 'THUOC_LAC', 'DANG_AP_DUNG', DATEADD(day, -57, GETDATE()), N'Phác đồ điều trị nhiều giai đoạn cho Tạ Minh Nhật; dữ liệu dùng để kiểm thử màn hình phê duyệt phác đồ điều trị của cán bộ quản lý.'),
('TPA-PD013', 'TPA-BA013', 'TPA-BS01', 'KETAMINE', 'DA_HOAN_THANH', DATEADD(day, -58, GETDATE()), N'Phác đồ điều trị nhiều giai đoạn cho Dương Văn Phát; dữ liệu dùng để kiểm thử màn hình phê duyệt phác đồ điều trị của cán bộ quản lý.'),
('TPA-PD014', 'TPA-BA014', 'TPA-BS02', 'CAN_SA', 'BAN_NHAP', DATEADD(day, -59, GETDATE()), N'Phác đồ điều trị nhiều giai đoạn cho Lý Quốc Sơn; dữ liệu dùng để kiểm thử màn hình phê duyệt phác đồ điều trị của cán bộ quản lý.'),
('TPA-PD015', 'TPA-BA015', 'TPA-BS01', 'HEROIN', 'DANG_AP_DUNG', DATEADD(day, -60, GETDATE()), N'Phác đồ điều trị nhiều giai đoạn cho Hồ Văn Tín; dữ liệu dùng để kiểm thử màn hình phê duyệt phác đồ điều trị của cán bộ quản lý.');

INSERT INTO ChiTietPhacDoDieuTri (MaChiTietPhacDo, MaPhacDoDT, MaGiaiDoan, ThuTu, NoiDungPhacDoDT, MucTieu, NgayBatDau, NgayKetThucDuKien, TrangThai, MaQuanLy, NgayPheDuyet, GhiChuPheDuyet) VALUES
('TPA-CT001-G1', 'TPA-PD001', 'GD001', 1, N'Khám đánh giá ban đầu, theo dõi hội chứng cai, hỗ trợ ổn định thể chất và hướng dẫn nội quy điều trị trong tuần đầu. Loại chất sử dụng chính: HEROIN. Bác sĩ đề xuất theo dõi sát biểu hiện thể chất, tâm lý và mức độ hợp tác của học viên trong từng buổi sinh hoạt.', N'Ổn định thể trạng, giảm triệu chứng cai cấp, bảo đảm người cai nghiện hợp tác với phác đồ. Mục tiêu bổ sung: giảm nguy cơ tái nghiện, tăng khả năng tuân thủ nội quy và chuẩn bị đánh giá định kỳ.', DATEADD(day, -39, GETDATE()), DATEADD(day, 59, GETDATE()), 'CHO_PHE_DUYET', NULL, NULL, NULL),
('TPA-CT001-G2', 'TPA-PD001', 'GD002', 2, N'Tư vấn tâm lý cá nhân, tham gia sinh hoạt nhóm, lao động trị liệu nhẹ và theo dõi đáp ứng điều trị hằng tuần. Loại chất sử dụng chính: HEROIN. Bác sĩ đề xuất theo dõi sát biểu hiện thể chất, tâm lý và mức độ hợp tác của học viên trong từng buổi sinh hoạt.', N'Phục hồi sức khỏe, điều chỉnh hành vi, nâng cao nhận thức về tác hại của chất gây nghiện. Mục tiêu bổ sung: giảm nguy cơ tái nghiện, tăng khả năng tuân thủ nội quy và chuẩn bị đánh giá định kỳ.', DATEADD(day, -25, GETDATE()), DATEADD(day, 45, GETDATE()), 'CHO_PHE_DUYET', NULL, NULL, NULL),
('TPA-CT001-G3', 'TPA-PD001', 'GD003', 3, N'Xây dựng kế hoạch tái hòa nhập, tư vấn gia đình, đánh giá nguy cơ tái nghiện và chuẩn bị hồ sơ hoàn thành. Loại chất sử dụng chính: HEROIN. Bác sĩ đề xuất theo dõi sát biểu hiện thể chất, tâm lý và mức độ hợp tác của học viên trong từng buổi sinh hoạt.', N'Chuẩn bị kỹ năng sống, kết nối gia đình, giảm nguy cơ tái nghiện sau khi rời trung tâm. Mục tiêu bổ sung: giảm nguy cơ tái nghiện, tăng khả năng tuân thủ nội quy và chuẩn bị đánh giá định kỳ.', DATEADD(day, -11, GETDATE()), DATEADD(day, 31, GETDATE()), 'CHO_PHE_DUYET', NULL, NULL, NULL),
('TPA-CT002-G1', 'TPA-PD002', 'GD001', 1, N'Khám đánh giá ban đầu, theo dõi hội chứng cai, hỗ trợ ổn định thể chất và hướng dẫn nội quy điều trị trong tuần đầu. Loại chất sử dụng chính: MA TUY DA. Bác sĩ đề xuất theo dõi sát biểu hiện thể chất, tâm lý và mức độ hợp tác của học viên trong từng buổi sinh hoạt.', N'Ổn định thể trạng, giảm triệu chứng cai cấp, bảo đảm người cai nghiện hợp tác với phác đồ. Mục tiêu bổ sung: giảm nguy cơ tái nghiện, tăng khả năng tuân thủ nội quy và chuẩn bị đánh giá định kỳ.', DATEADD(day, -38, GETDATE()), DATEADD(day, 58, GETDATE()), 'CHO_PHE_DUYET', NULL, NULL, NULL),
('TPA-CT002-G2', 'TPA-PD002', 'GD002', 2, N'Tư vấn tâm lý cá nhân, tham gia sinh hoạt nhóm, lao động trị liệu nhẹ và theo dõi đáp ứng điều trị hằng tuần. Loại chất sử dụng chính: MA TUY DA. Bác sĩ đề xuất theo dõi sát biểu hiện thể chất, tâm lý và mức độ hợp tác của học viên trong từng buổi sinh hoạt.', N'Phục hồi sức khỏe, điều chỉnh hành vi, nâng cao nhận thức về tác hại của chất gây nghiện. Mục tiêu bổ sung: giảm nguy cơ tái nghiện, tăng khả năng tuân thủ nội quy và chuẩn bị đánh giá định kỳ.', DATEADD(day, -24, GETDATE()), DATEADD(day, 44, GETDATE()), 'TU_CHOI', 'TPA-QL01', DATEADD(day, -3, GETDATE()), N'Chưa đủ căn cứ đánh giá hoặc nội dung phác đồ cần bác sĩ bổ sung thêm mục tiêu, thời gian theo dõi và hướng xử lý khi có biểu hiện bất thường.'),
('TPA-CT002-G3', 'TPA-PD002', 'GD003', 3, N'Xây dựng kế hoạch tái hòa nhập, tư vấn gia đình, đánh giá nguy cơ tái nghiện và chuẩn bị hồ sơ hoàn thành. Loại chất sử dụng chính: MA TUY DA. Bác sĩ đề xuất theo dõi sát biểu hiện thể chất, tâm lý và mức độ hợp tác của học viên trong từng buổi sinh hoạt.', N'Chuẩn bị kỹ năng sống, kết nối gia đình, giảm nguy cơ tái nghiện sau khi rời trung tâm. Mục tiêu bổ sung: giảm nguy cơ tái nghiện, tăng khả năng tuân thủ nội quy và chuẩn bị đánh giá định kỳ.', DATEADD(day, -10, GETDATE()), DATEADD(day, 30, GETDATE()), 'CHO_PHE_DUYET', NULL, NULL, NULL),
('TPA-CT003-G1', 'TPA-PD003', 'GD001', 1, N'Khám đánh giá ban đầu, theo dõi hội chứng cai, hỗ trợ ổn định thể chất và hướng dẫn nội quy điều trị trong tuần đầu. Loại chất sử dụng chính: CAN SA. Bác sĩ đề xuất theo dõi sát biểu hiện thể chất, tâm lý và mức độ hợp tác của học viên trong từng buổi sinh hoạt.', N'Ổn định thể trạng, giảm triệu chứng cai cấp, bảo đảm người cai nghiện hợp tác với phác đồ. Mục tiêu bổ sung: giảm nguy cơ tái nghiện, tăng khả năng tuân thủ nội quy và chuẩn bị đánh giá định kỳ.', DATEADD(day, -37, GETDATE()), DATEADD(day, 57, GETDATE()), 'DA_HOAN_THANH', 'TPA-QL01', DATEADD(day, -8, GETDATE()), N'Đã phê duyệt và hoàn thành theo đánh giá điều trị; học viên đạt mục tiêu của giai đoạn này.'),
('TPA-CT003-G2', 'TPA-PD003', 'GD002', 2, N'Tư vấn tâm lý cá nhân, tham gia sinh hoạt nhóm, lao động trị liệu nhẹ và theo dõi đáp ứng điều trị hằng tuần. Loại chất sử dụng chính: CAN SA. Bác sĩ đề xuất theo dõi sát biểu hiện thể chất, tâm lý và mức độ hợp tác của học viên trong từng buổi sinh hoạt.', N'Phục hồi sức khỏe, điều chỉnh hành vi, nâng cao nhận thức về tác hại của chất gây nghiện. Mục tiêu bổ sung: giảm nguy cơ tái nghiện, tăng khả năng tuân thủ nội quy và chuẩn bị đánh giá định kỳ.', DATEADD(day, -23, GETDATE()), DATEADD(day, 43, GETDATE()), 'DANG_AP_DUNG', 'TPA-QL01', DATEADD(day, -6, GETDATE()), N'Đã phê duyệt áp dụng. Tiếp tục theo dõi diễn biến sức khỏe, tâm lý và báo cáo kết quả định kỳ.'),
('TPA-CT003-G3', 'TPA-PD003', 'GD003', 3, N'Xây dựng kế hoạch tái hòa nhập, tư vấn gia đình, đánh giá nguy cơ tái nghiện và chuẩn bị hồ sơ hoàn thành. Loại chất sử dụng chính: CAN SA. Bác sĩ đề xuất theo dõi sát biểu hiện thể chất, tâm lý và mức độ hợp tác của học viên trong từng buổi sinh hoạt.', N'Chuẩn bị kỹ năng sống, kết nối gia đình, giảm nguy cơ tái nghiện sau khi rời trung tâm. Mục tiêu bổ sung: giảm nguy cơ tái nghiện, tăng khả năng tuân thủ nội quy và chuẩn bị đánh giá định kỳ.', DATEADD(day, -9, GETDATE()), DATEADD(day, 29, GETDATE()), 'CHO_PHE_DUYET', NULL, NULL, NULL),
('TPA-CT004-G1', 'TPA-PD004', 'GD001', 1, N'Khám đánh giá ban đầu, theo dõi hội chứng cai, hỗ trợ ổn định thể chất và hướng dẫn nội quy điều trị trong tuần đầu. Loại chất sử dụng chính: KETAMINE. Bác sĩ đề xuất theo dõi sát biểu hiện thể chất, tâm lý và mức độ hợp tác của học viên trong từng buổi sinh hoạt.', N'Ổn định thể trạng, giảm triệu chứng cai cấp, bảo đảm người cai nghiện hợp tác với phác đồ. Mục tiêu bổ sung: giảm nguy cơ tái nghiện, tăng khả năng tuân thủ nội quy và chuẩn bị đánh giá định kỳ.', DATEADD(day, -36, GETDATE()), DATEADD(day, 56, GETDATE()), 'CHO_PHE_DUYET', NULL, NULL, NULL),
('TPA-CT004-G2', 'TPA-PD004', 'GD002', 2, N'Tư vấn tâm lý cá nhân, tham gia sinh hoạt nhóm, lao động trị liệu nhẹ và theo dõi đáp ứng điều trị hằng tuần. Loại chất sử dụng chính: KETAMINE. Bác sĩ đề xuất theo dõi sát biểu hiện thể chất, tâm lý và mức độ hợp tác của học viên trong từng buổi sinh hoạt.', N'Phục hồi sức khỏe, điều chỉnh hành vi, nâng cao nhận thức về tác hại của chất gây nghiện. Mục tiêu bổ sung: giảm nguy cơ tái nghiện, tăng khả năng tuân thủ nội quy và chuẩn bị đánh giá định kỳ.', DATEADD(day, -22, GETDATE()), DATEADD(day, 42, GETDATE()), 'CHO_PHE_DUYET', NULL, NULL, NULL),
('TPA-CT004-G3', 'TPA-PD004', 'GD003', 3, N'Xây dựng kế hoạch tái hòa nhập, tư vấn gia đình, đánh giá nguy cơ tái nghiện và chuẩn bị hồ sơ hoàn thành. Loại chất sử dụng chính: KETAMINE. Bác sĩ đề xuất theo dõi sát biểu hiện thể chất, tâm lý và mức độ hợp tác của học viên trong từng buổi sinh hoạt.', N'Chuẩn bị kỹ năng sống, kết nối gia đình, giảm nguy cơ tái nghiện sau khi rời trung tâm. Mục tiêu bổ sung: giảm nguy cơ tái nghiện, tăng khả năng tuân thủ nội quy và chuẩn bị đánh giá định kỳ.', DATEADD(day, -8, GETDATE()), DATEADD(day, 28, GETDATE()), 'TU_CHOI', 'TPA-QL01', DATEADD(day, -5, GETDATE()), N'Chưa đủ căn cứ đánh giá hoặc nội dung phác đồ cần bác sĩ bổ sung thêm mục tiêu, thời gian theo dõi và hướng xử lý khi có biểu hiện bất thường.'),
('TPA-CT005-G1', 'TPA-PD005', 'GD001', 1, N'Khám đánh giá ban đầu, theo dõi hội chứng cai, hỗ trợ ổn định thể chất và hướng dẫn nội quy điều trị trong tuần đầu. Loại chất sử dụng chính: THUOC LAC. Bác sĩ đề xuất theo dõi sát biểu hiện thể chất, tâm lý và mức độ hợp tác của học viên trong từng buổi sinh hoạt.', N'Ổn định thể trạng, giảm triệu chứng cai cấp, bảo đảm người cai nghiện hợp tác với phác đồ. Mục tiêu bổ sung: giảm nguy cơ tái nghiện, tăng khả năng tuân thủ nội quy và chuẩn bị đánh giá định kỳ.', DATEADD(day, -35, GETDATE()), DATEADD(day, 55, GETDATE()), 'DA_HOAN_THANH', 'TPA-QL01', DATEADD(day, -10, GETDATE()), N'Đã phê duyệt và hoàn thành theo đánh giá điều trị; học viên đạt mục tiêu của giai đoạn này.'),
('TPA-CT005-G2', 'TPA-PD005', 'GD002', 2, N'Tư vấn tâm lý cá nhân, tham gia sinh hoạt nhóm, lao động trị liệu nhẹ và theo dõi đáp ứng điều trị hằng tuần. Loại chất sử dụng chính: THUOC LAC. Bác sĩ đề xuất theo dõi sát biểu hiện thể chất, tâm lý và mức độ hợp tác của học viên trong từng buổi sinh hoạt.', N'Phục hồi sức khỏe, điều chỉnh hành vi, nâng cao nhận thức về tác hại của chất gây nghiện. Mục tiêu bổ sung: giảm nguy cơ tái nghiện, tăng khả năng tuân thủ nội quy và chuẩn bị đánh giá định kỳ.', DATEADD(day, -21, GETDATE()), DATEADD(day, 41, GETDATE()), 'DANG_AP_DUNG', 'TPA-QL01', DATEADD(day, -8, GETDATE()), N'Đã phê duyệt áp dụng. Tiếp tục theo dõi diễn biến sức khỏe, tâm lý và báo cáo kết quả định kỳ.'),
('TPA-CT005-G3', 'TPA-PD005', 'GD003', 3, N'Xây dựng kế hoạch tái hòa nhập, tư vấn gia đình, đánh giá nguy cơ tái nghiện và chuẩn bị hồ sơ hoàn thành. Loại chất sử dụng chính: THUOC LAC. Bác sĩ đề xuất theo dõi sát biểu hiện thể chất, tâm lý và mức độ hợp tác của học viên trong từng buổi sinh hoạt.', N'Chuẩn bị kỹ năng sống, kết nối gia đình, giảm nguy cơ tái nghiện sau khi rời trung tâm. Mục tiêu bổ sung: giảm nguy cơ tái nghiện, tăng khả năng tuân thủ nội quy và chuẩn bị đánh giá định kỳ.', DATEADD(day, -7, GETDATE()), DATEADD(day, 27, GETDATE()), 'TAM_DUNG', 'TPA-QL01', DATEADD(day, -7, GETDATE()), N'Tạm dừng áp dụng để chờ kết quả đánh giá sức khỏe bổ sung và điều chỉnh mức độ can thiệp cho phù hợp.'),
('TPA-CT006-G1', 'TPA-PD006', 'GD001', 1, N'Khám đánh giá ban đầu, theo dõi hội chứng cai, hỗ trợ ổn định thể chất và hướng dẫn nội quy điều trị trong tuần đầu. Loại chất sử dụng chính: HEROIN. Bác sĩ đề xuất theo dõi sát biểu hiện thể chất, tâm lý và mức độ hợp tác của học viên trong từng buổi sinh hoạt.', N'Ổn định thể trạng, giảm triệu chứng cai cấp, bảo đảm người cai nghiện hợp tác với phác đồ. Mục tiêu bổ sung: giảm nguy cơ tái nghiện, tăng khả năng tuân thủ nội quy và chuẩn bị đánh giá định kỳ.', DATEADD(day, -34, GETDATE()), DATEADD(day, 54, GETDATE()), 'CHO_PHE_DUYET', NULL, NULL, NULL),
('TPA-CT006-G2', 'TPA-PD006', 'GD002', 2, N'Tư vấn tâm lý cá nhân, tham gia sinh hoạt nhóm, lao động trị liệu nhẹ và theo dõi đáp ứng điều trị hằng tuần. Loại chất sử dụng chính: HEROIN. Bác sĩ đề xuất theo dõi sát biểu hiện thể chất, tâm lý và mức độ hợp tác của học viên trong từng buổi sinh hoạt.', N'Phục hồi sức khỏe, điều chỉnh hành vi, nâng cao nhận thức về tác hại của chất gây nghiện. Mục tiêu bổ sung: giảm nguy cơ tái nghiện, tăng khả năng tuân thủ nội quy và chuẩn bị đánh giá định kỳ.', DATEADD(day, -20, GETDATE()), DATEADD(day, 40, GETDATE()), 'CHO_PHE_DUYET', NULL, NULL, NULL),
('TPA-CT006-G3', 'TPA-PD006', 'GD003', 3, N'Xây dựng kế hoạch tái hòa nhập, tư vấn gia đình, đánh giá nguy cơ tái nghiện và chuẩn bị hồ sơ hoàn thành. Loại chất sử dụng chính: HEROIN. Bác sĩ đề xuất theo dõi sát biểu hiện thể chất, tâm lý và mức độ hợp tác của học viên trong từng buổi sinh hoạt.', N'Chuẩn bị kỹ năng sống, kết nối gia đình, giảm nguy cơ tái nghiện sau khi rời trung tâm. Mục tiêu bổ sung: giảm nguy cơ tái nghiện, tăng khả năng tuân thủ nội quy và chuẩn bị đánh giá định kỳ.', DATEADD(day, -6, GETDATE()), DATEADD(day, 26, GETDATE()), 'CHO_PHE_DUYET', NULL, NULL, NULL),
('TPA-CT007-G1', 'TPA-PD007', 'GD001', 1, N'Khám đánh giá ban đầu, theo dõi hội chứng cai, hỗ trợ ổn định thể chất và hướng dẫn nội quy điều trị trong tuần đầu. Loại chất sử dụng chính: MA TUY DA. Bác sĩ đề xuất theo dõi sát biểu hiện thể chất, tâm lý và mức độ hợp tác của học viên trong từng buổi sinh hoạt.', N'Ổn định thể trạng, giảm triệu chứng cai cấp, bảo đảm người cai nghiện hợp tác với phác đồ. Mục tiêu bổ sung: giảm nguy cơ tái nghiện, tăng khả năng tuân thủ nội quy và chuẩn bị đánh giá định kỳ.', DATEADD(day, -33, GETDATE()), DATEADD(day, 53, GETDATE()), 'DA_HOAN_THANH', 'TPA-QL01', DATEADD(day, -12, GETDATE()), N'Đã phê duyệt và hoàn thành theo đánh giá điều trị; học viên đạt mục tiêu của giai đoạn này.'),
('TPA-CT007-G2', 'TPA-PD007', 'GD002', 2, N'Tư vấn tâm lý cá nhân, tham gia sinh hoạt nhóm, lao động trị liệu nhẹ và theo dõi đáp ứng điều trị hằng tuần. Loại chất sử dụng chính: MA TUY DA. Bác sĩ đề xuất theo dõi sát biểu hiện thể chất, tâm lý và mức độ hợp tác của học viên trong từng buổi sinh hoạt.', N'Phục hồi sức khỏe, điều chỉnh hành vi, nâng cao nhận thức về tác hại của chất gây nghiện. Mục tiêu bổ sung: giảm nguy cơ tái nghiện, tăng khả năng tuân thủ nội quy và chuẩn bị đánh giá định kỳ.', DATEADD(day, -19, GETDATE()), DATEADD(day, 39, GETDATE()), 'DANG_AP_DUNG', 'TPA-QL01', DATEADD(day, -10, GETDATE()), N'Đã phê duyệt áp dụng. Tiếp tục theo dõi diễn biến sức khỏe, tâm lý và báo cáo kết quả định kỳ.'),
('TPA-CT007-G3', 'TPA-PD007', 'GD003', 3, N'Xây dựng kế hoạch tái hòa nhập, tư vấn gia đình, đánh giá nguy cơ tái nghiện và chuẩn bị hồ sơ hoàn thành. Loại chất sử dụng chính: MA TUY DA. Bác sĩ đề xuất theo dõi sát biểu hiện thể chất, tâm lý và mức độ hợp tác của học viên trong từng buổi sinh hoạt.', N'Chuẩn bị kỹ năng sống, kết nối gia đình, giảm nguy cơ tái nghiện sau khi rời trung tâm. Mục tiêu bổ sung: giảm nguy cơ tái nghiện, tăng khả năng tuân thủ nội quy và chuẩn bị đánh giá định kỳ.', DATEADD(day, -5, GETDATE()), DATEADD(day, 25, GETDATE()), 'CHO_PHE_DUYET', NULL, NULL, NULL),
('TPA-CT008-G1', 'TPA-PD008', 'GD001', 1, N'Khám đánh giá ban đầu, theo dõi hội chứng cai, hỗ trợ ổn định thể chất và hướng dẫn nội quy điều trị trong tuần đầu. Loại chất sử dụng chính: CAN SA. Bác sĩ đề xuất theo dõi sát biểu hiện thể chất, tâm lý và mức độ hợp tác của học viên trong từng buổi sinh hoạt.', N'Ổn định thể trạng, giảm triệu chứng cai cấp, bảo đảm người cai nghiện hợp tác với phác đồ. Mục tiêu bổ sung: giảm nguy cơ tái nghiện, tăng khả năng tuân thủ nội quy và chuẩn bị đánh giá định kỳ.', DATEADD(day, -32, GETDATE()), DATEADD(day, 52, GETDATE()), 'DA_HOAN_THANH', 'TPA-QL01', DATEADD(day, -13, GETDATE()), N'Đã phê duyệt và hoàn thành theo đánh giá điều trị; học viên đạt mục tiêu của giai đoạn này.'),
('TPA-CT008-G2', 'TPA-PD008', 'GD002', 2, N'Tư vấn tâm lý cá nhân, tham gia sinh hoạt nhóm, lao động trị liệu nhẹ và theo dõi đáp ứng điều trị hằng tuần. Loại chất sử dụng chính: CAN SA. Bác sĩ đề xuất theo dõi sát biểu hiện thể chất, tâm lý và mức độ hợp tác của học viên trong từng buổi sinh hoạt.', N'Phục hồi sức khỏe, điều chỉnh hành vi, nâng cao nhận thức về tác hại của chất gây nghiện. Mục tiêu bổ sung: giảm nguy cơ tái nghiện, tăng khả năng tuân thủ nội quy và chuẩn bị đánh giá định kỳ.', DATEADD(day, -18, GETDATE()), DATEADD(day, 38, GETDATE()), 'DA_HOAN_THANH', 'TPA-QL01', DATEADD(day, -13, GETDATE()), N'Đã phê duyệt và hoàn thành theo đánh giá điều trị; học viên đạt mục tiêu của giai đoạn này.'),
('TPA-CT008-G3', 'TPA-PD008', 'GD003', 3, N'Xây dựng kế hoạch tái hòa nhập, tư vấn gia đình, đánh giá nguy cơ tái nghiện và chuẩn bị hồ sơ hoàn thành. Loại chất sử dụng chính: CAN SA. Bác sĩ đề xuất theo dõi sát biểu hiện thể chất, tâm lý và mức độ hợp tác của học viên trong từng buổi sinh hoạt.', N'Chuẩn bị kỹ năng sống, kết nối gia đình, giảm nguy cơ tái nghiện sau khi rời trung tâm. Mục tiêu bổ sung: giảm nguy cơ tái nghiện, tăng khả năng tuân thủ nội quy và chuẩn bị đánh giá định kỳ.', DATEADD(day, -4, GETDATE()), DATEADD(day, 24, GETDATE()), 'DA_HOAN_THANH', 'TPA-QL01', DATEADD(day, -13, GETDATE()), N'Đã phê duyệt và hoàn thành theo đánh giá điều trị; học viên đạt mục tiêu của giai đoạn này.'),
('TPA-CT009-G1', 'TPA-PD009', 'GD001', 1, N'Khám đánh giá ban đầu, theo dõi hội chứng cai, hỗ trợ ổn định thể chất và hướng dẫn nội quy điều trị trong tuần đầu. Loại chất sử dụng chính: MA TUY DA. Bác sĩ đề xuất theo dõi sát biểu hiện thể chất, tâm lý và mức độ hợp tác của học viên trong từng buổi sinh hoạt.', N'Ổn định thể trạng, giảm triệu chứng cai cấp, bảo đảm người cai nghiện hợp tác với phác đồ. Mục tiêu bổ sung: giảm nguy cơ tái nghiện, tăng khả năng tuân thủ nội quy và chuẩn bị đánh giá định kỳ.', DATEADD(day, -31, GETDATE()), DATEADD(day, 51, GETDATE()), 'TU_CHOI', 'TPA-QL01', DATEADD(day, -10, GETDATE()), N'Chưa đủ căn cứ đánh giá hoặc nội dung phác đồ cần bác sĩ bổ sung thêm mục tiêu, thời gian theo dõi và hướng xử lý khi có biểu hiện bất thường.'),
('TPA-CT009-G2', 'TPA-PD009', 'GD002', 2, N'Tư vấn tâm lý cá nhân, tham gia sinh hoạt nhóm, lao động trị liệu nhẹ và theo dõi đáp ứng điều trị hằng tuần. Loại chất sử dụng chính: MA TUY DA. Bác sĩ đề xuất theo dõi sát biểu hiện thể chất, tâm lý và mức độ hợp tác của học viên trong từng buổi sinh hoạt.', N'Phục hồi sức khỏe, điều chỉnh hành vi, nâng cao nhận thức về tác hại của chất gây nghiện. Mục tiêu bổ sung: giảm nguy cơ tái nghiện, tăng khả năng tuân thủ nội quy và chuẩn bị đánh giá định kỳ.', DATEADD(day, -17, GETDATE()), DATEADD(day, 37, GETDATE()), 'CHO_PHE_DUYET', NULL, NULL, NULL),
('TPA-CT009-G3', 'TPA-PD009', 'GD003', 3, N'Xây dựng kế hoạch tái hòa nhập, tư vấn gia đình, đánh giá nguy cơ tái nghiện và chuẩn bị hồ sơ hoàn thành. Loại chất sử dụng chính: MA TUY DA. Bác sĩ đề xuất theo dõi sát biểu hiện thể chất, tâm lý và mức độ hợp tác của học viên trong từng buổi sinh hoạt.', N'Chuẩn bị kỹ năng sống, kết nối gia đình, giảm nguy cơ tái nghiện sau khi rời trung tâm. Mục tiêu bổ sung: giảm nguy cơ tái nghiện, tăng khả năng tuân thủ nội quy và chuẩn bị đánh giá định kỳ.', DATEADD(day, -3, GETDATE()), DATEADD(day, 23, GETDATE()), 'CHO_PHE_DUYET', NULL, NULL, NULL),
('TPA-CT010-G1', 'TPA-PD010', 'GD001', 1, N'Khám đánh giá ban đầu, theo dõi hội chứng cai, hỗ trợ ổn định thể chất và hướng dẫn nội quy điều trị trong tuần đầu. Loại chất sử dụng chính: HEROIN. Bác sĩ đề xuất theo dõi sát biểu hiện thể chất, tâm lý và mức độ hợp tác của học viên trong từng buổi sinh hoạt.', N'Ổn định thể trạng, giảm triệu chứng cai cấp, bảo đảm người cai nghiện hợp tác với phác đồ. Mục tiêu bổ sung: giảm nguy cơ tái nghiện, tăng khả năng tuân thủ nội quy và chuẩn bị đánh giá định kỳ.', DATEADD(day, -30, GETDATE()), DATEADD(day, 50, GETDATE()), 'DANG_AP_DUNG', 'TPA-QL01', DATEADD(day, -13, GETDATE()), N'Đã phê duyệt áp dụng. Tiếp tục theo dõi diễn biến sức khỏe, tâm lý và báo cáo kết quả định kỳ.'),
('TPA-CT010-G2', 'TPA-PD010', 'GD002', 2, N'Tư vấn tâm lý cá nhân, tham gia sinh hoạt nhóm, lao động trị liệu nhẹ và theo dõi đáp ứng điều trị hằng tuần. Loại chất sử dụng chính: HEROIN. Bác sĩ đề xuất theo dõi sát biểu hiện thể chất, tâm lý và mức độ hợp tác của học viên trong từng buổi sinh hoạt.', N'Phục hồi sức khỏe, điều chỉnh hành vi, nâng cao nhận thức về tác hại của chất gây nghiện. Mục tiêu bổ sung: giảm nguy cơ tái nghiện, tăng khả năng tuân thủ nội quy và chuẩn bị đánh giá định kỳ.', DATEADD(day, -16, GETDATE()), DATEADD(day, 36, GETDATE()), 'TAM_DUNG', 'TPA-QL01', DATEADD(day, -4, GETDATE()), N'Tạm dừng áp dụng để chờ kết quả đánh giá sức khỏe bổ sung và điều chỉnh mức độ can thiệp cho phù hợp.'),
('TPA-CT010-G3', 'TPA-PD010', 'GD003', 3, N'Xây dựng kế hoạch tái hòa nhập, tư vấn gia đình, đánh giá nguy cơ tái nghiện và chuẩn bị hồ sơ hoàn thành. Loại chất sử dụng chính: HEROIN. Bác sĩ đề xuất theo dõi sát biểu hiện thể chất, tâm lý và mức độ hợp tác của học viên trong từng buổi sinh hoạt.', N'Chuẩn bị kỹ năng sống, kết nối gia đình, giảm nguy cơ tái nghiện sau khi rời trung tâm. Mục tiêu bổ sung: giảm nguy cơ tái nghiện, tăng khả năng tuân thủ nội quy và chuẩn bị đánh giá định kỳ.', DATEADD(day, -2, GETDATE()), DATEADD(day, 22, GETDATE()), 'CHO_PHE_DUYET', NULL, NULL, NULL),
('TPA-CT011-G1', 'TPA-PD011', 'GD001', 1, N'Khám đánh giá ban đầu, theo dõi hội chứng cai, hỗ trợ ổn định thể chất và hướng dẫn nội quy điều trị trong tuần đầu. Loại chất sử dụng chính: KHAC. Bác sĩ đề xuất theo dõi sát biểu hiện thể chất, tâm lý và mức độ hợp tác của học viên trong từng buổi sinh hoạt.', N'Ổn định thể trạng, giảm triệu chứng cai cấp, bảo đảm người cai nghiện hợp tác với phác đồ. Mục tiêu bổ sung: giảm nguy cơ tái nghiện, tăng khả năng tuân thủ nội quy và chuẩn bị đánh giá định kỳ.', DATEADD(day, -29, GETDATE()), DATEADD(day, 49, GETDATE()), 'CHO_PHE_DUYET', NULL, NULL, NULL),
('TPA-CT011-G2', 'TPA-PD011', 'GD002', 2, N'Tư vấn tâm lý cá nhân, tham gia sinh hoạt nhóm, lao động trị liệu nhẹ và theo dõi đáp ứng điều trị hằng tuần. Loại chất sử dụng chính: KHAC. Bác sĩ đề xuất theo dõi sát biểu hiện thể chất, tâm lý và mức độ hợp tác của học viên trong từng buổi sinh hoạt.', N'Phục hồi sức khỏe, điều chỉnh hành vi, nâng cao nhận thức về tác hại của chất gây nghiện. Mục tiêu bổ sung: giảm nguy cơ tái nghiện, tăng khả năng tuân thủ nội quy và chuẩn bị đánh giá định kỳ.', DATEADD(day, -15, GETDATE()), DATEADD(day, 35, GETDATE()), 'TU_CHOI', 'TPA-QL01', DATEADD(day, -2, GETDATE()), N'Chưa đủ căn cứ đánh giá hoặc nội dung phác đồ cần bác sĩ bổ sung thêm mục tiêu, thời gian theo dõi và hướng xử lý khi có biểu hiện bất thường.'),
('TPA-CT011-G3', 'TPA-PD011', 'GD003', 3, N'Xây dựng kế hoạch tái hòa nhập, tư vấn gia đình, đánh giá nguy cơ tái nghiện và chuẩn bị hồ sơ hoàn thành. Loại chất sử dụng chính: KHAC. Bác sĩ đề xuất theo dõi sát biểu hiện thể chất, tâm lý và mức độ hợp tác của học viên trong từng buổi sinh hoạt.', N'Chuẩn bị kỹ năng sống, kết nối gia đình, giảm nguy cơ tái nghiện sau khi rời trung tâm. Mục tiêu bổ sung: giảm nguy cơ tái nghiện, tăng khả năng tuân thủ nội quy và chuẩn bị đánh giá định kỳ.', DATEADD(day, -1, GETDATE()), DATEADD(day, 21, GETDATE()), 'CHO_PHE_DUYET', NULL, NULL, NULL),
('TPA-CT012-G1', 'TPA-PD012', 'GD001', 1, N'Khám đánh giá ban đầu, theo dõi hội chứng cai, hỗ trợ ổn định thể chất và hướng dẫn nội quy điều trị trong tuần đầu. Loại chất sử dụng chính: THUOC LAC. Bác sĩ đề xuất theo dõi sát biểu hiện thể chất, tâm lý và mức độ hợp tác của học viên trong từng buổi sinh hoạt.', N'Ổn định thể trạng, giảm triệu chứng cai cấp, bảo đảm người cai nghiện hợp tác với phác đồ. Mục tiêu bổ sung: giảm nguy cơ tái nghiện, tăng khả năng tuân thủ nội quy và chuẩn bị đánh giá định kỳ.', DATEADD(day, -28, GETDATE()), DATEADD(day, 48, GETDATE()), 'DA_HOAN_THANH', 'TPA-QL01', DATEADD(day, -17, GETDATE()), N'Đã phê duyệt và hoàn thành theo đánh giá điều trị; học viên đạt mục tiêu của giai đoạn này.'),
('TPA-CT012-G2', 'TPA-PD012', 'GD002', 2, N'Tư vấn tâm lý cá nhân, tham gia sinh hoạt nhóm, lao động trị liệu nhẹ và theo dõi đáp ứng điều trị hằng tuần. Loại chất sử dụng chính: THUOC LAC. Bác sĩ đề xuất theo dõi sát biểu hiện thể chất, tâm lý và mức độ hợp tác của học viên trong từng buổi sinh hoạt.', N'Phục hồi sức khỏe, điều chỉnh hành vi, nâng cao nhận thức về tác hại của chất gây nghiện. Mục tiêu bổ sung: giảm nguy cơ tái nghiện, tăng khả năng tuân thủ nội quy và chuẩn bị đánh giá định kỳ.', DATEADD(day, -14, GETDATE()), DATEADD(day, 34, GETDATE()), 'DANG_AP_DUNG', 'TPA-QL01', DATEADD(day, -3, GETDATE()), N'Đã phê duyệt áp dụng. Tiếp tục theo dõi diễn biến sức khỏe, tâm lý và báo cáo kết quả định kỳ.'),
('TPA-CT012-G3', 'TPA-PD012', 'GD003', 3, N'Xây dựng kế hoạch tái hòa nhập, tư vấn gia đình, đánh giá nguy cơ tái nghiện và chuẩn bị hồ sơ hoàn thành. Loại chất sử dụng chính: THUOC LAC. Bác sĩ đề xuất theo dõi sát biểu hiện thể chất, tâm lý và mức độ hợp tác của học viên trong từng buổi sinh hoạt.', N'Chuẩn bị kỹ năng sống, kết nối gia đình, giảm nguy cơ tái nghiện sau khi rời trung tâm. Mục tiêu bổ sung: giảm nguy cơ tái nghiện, tăng khả năng tuân thủ nội quy và chuẩn bị đánh giá định kỳ.', DATEADD(day, -0, GETDATE()), DATEADD(day, 20, GETDATE()), 'DANG_AP_DUNG', 'TPA-QL01', DATEADD(day, -3, GETDATE()), N'Đã phê duyệt áp dụng. Tiếp tục theo dõi diễn biến sức khỏe, tâm lý và báo cáo kết quả định kỳ.'),
('TPA-CT013-G1', 'TPA-PD013', 'GD001', 1, N'Khám đánh giá ban đầu, theo dõi hội chứng cai, hỗ trợ ổn định thể chất và hướng dẫn nội quy điều trị trong tuần đầu. Loại chất sử dụng chính: KETAMINE. Bác sĩ đề xuất theo dõi sát biểu hiện thể chất, tâm lý và mức độ hợp tác của học viên trong từng buổi sinh hoạt.', N'Ổn định thể trạng, giảm triệu chứng cai cấp, bảo đảm người cai nghiện hợp tác với phác đồ. Mục tiêu bổ sung: giảm nguy cơ tái nghiện, tăng khả năng tuân thủ nội quy và chuẩn bị đánh giá định kỳ.', DATEADD(day, -27, GETDATE()), DATEADD(day, 47, GETDATE()), 'DA_HOAN_THANH', 'TPA-QL01', DATEADD(day, -18, GETDATE()), N'Đã phê duyệt và hoàn thành theo đánh giá điều trị; học viên đạt mục tiêu của giai đoạn này.'),
('TPA-CT013-G2', 'TPA-PD013', 'GD002', 2, N'Tư vấn tâm lý cá nhân, tham gia sinh hoạt nhóm, lao động trị liệu nhẹ và theo dõi đáp ứng điều trị hằng tuần. Loại chất sử dụng chính: KETAMINE. Bác sĩ đề xuất theo dõi sát biểu hiện thể chất, tâm lý và mức độ hợp tác của học viên trong từng buổi sinh hoạt.', N'Phục hồi sức khỏe, điều chỉnh hành vi, nâng cao nhận thức về tác hại của chất gây nghiện. Mục tiêu bổ sung: giảm nguy cơ tái nghiện, tăng khả năng tuân thủ nội quy và chuẩn bị đánh giá định kỳ.', DATEADD(day, -13, GETDATE()), DATEADD(day, 33, GETDATE()), 'DA_HOAN_THANH', 'TPA-QL01', DATEADD(day, -18, GETDATE()), N'Đã phê duyệt và hoàn thành theo đánh giá điều trị; học viên đạt mục tiêu của giai đoạn này.'),
('TPA-CT013-G3', 'TPA-PD013', 'GD003', 3, N'Xây dựng kế hoạch tái hòa nhập, tư vấn gia đình, đánh giá nguy cơ tái nghiện và chuẩn bị hồ sơ hoàn thành. Loại chất sử dụng chính: KETAMINE. Bác sĩ đề xuất theo dõi sát biểu hiện thể chất, tâm lý và mức độ hợp tác của học viên trong từng buổi sinh hoạt.', N'Chuẩn bị kỹ năng sống, kết nối gia đình, giảm nguy cơ tái nghiện sau khi rời trung tâm. Mục tiêu bổ sung: giảm nguy cơ tái nghiện, tăng khả năng tuân thủ nội quy và chuẩn bị đánh giá định kỳ.', DATEADD(day, --1, GETDATE()), DATEADD(day, 19, GETDATE()), 'DANG_AP_DUNG', 'TPA-QL01', DATEADD(day, -4, GETDATE()), N'Đã phê duyệt áp dụng. Tiếp tục theo dõi diễn biến sức khỏe, tâm lý và báo cáo kết quả định kỳ.'),
('TPA-CT014-G1', 'TPA-PD014', 'GD001', 1, N'Khám đánh giá ban đầu, theo dõi hội chứng cai, hỗ trợ ổn định thể chất và hướng dẫn nội quy điều trị trong tuần đầu. Loại chất sử dụng chính: CAN SA. Bác sĩ đề xuất theo dõi sát biểu hiện thể chất, tâm lý và mức độ hợp tác của học viên trong từng buổi sinh hoạt.', N'Ổn định thể trạng, giảm triệu chứng cai cấp, bảo đảm người cai nghiện hợp tác với phác đồ. Mục tiêu bổ sung: giảm nguy cơ tái nghiện, tăng khả năng tuân thủ nội quy và chuẩn bị đánh giá định kỳ.', DATEADD(day, -26, GETDATE()), DATEADD(day, 46, GETDATE()), 'CHO_PHE_DUYET', NULL, NULL, NULL),
('TPA-CT014-G2', 'TPA-PD014', 'GD002', 2, N'Tư vấn tâm lý cá nhân, tham gia sinh hoạt nhóm, lao động trị liệu nhẹ và theo dõi đáp ứng điều trị hằng tuần. Loại chất sử dụng chính: CAN SA. Bác sĩ đề xuất theo dõi sát biểu hiện thể chất, tâm lý và mức độ hợp tác của học viên trong từng buổi sinh hoạt.', N'Phục hồi sức khỏe, điều chỉnh hành vi, nâng cao nhận thức về tác hại của chất gây nghiện. Mục tiêu bổ sung: giảm nguy cơ tái nghiện, tăng khả năng tuân thủ nội quy và chuẩn bị đánh giá định kỳ.', DATEADD(day, -12, GETDATE()), DATEADD(day, 32, GETDATE()), 'CHO_PHE_DUYET', NULL, NULL, NULL),
('TPA-CT014-G3', 'TPA-PD014', 'GD003', 3, N'Xây dựng kế hoạch tái hòa nhập, tư vấn gia đình, đánh giá nguy cơ tái nghiện và chuẩn bị hồ sơ hoàn thành. Loại chất sử dụng chính: CAN SA. Bác sĩ đề xuất theo dõi sát biểu hiện thể chất, tâm lý và mức độ hợp tác của học viên trong từng buổi sinh hoạt.', N'Chuẩn bị kỹ năng sống, kết nối gia đình, giảm nguy cơ tái nghiện sau khi rời trung tâm. Mục tiêu bổ sung: giảm nguy cơ tái nghiện, tăng khả năng tuân thủ nội quy và chuẩn bị đánh giá định kỳ.', DATEADD(day, --2, GETDATE()), DATEADD(day, 18, GETDATE()), 'TAM_DUNG', 'TPA-QL01', DATEADD(day, -8, GETDATE()), N'Tạm dừng áp dụng để chờ kết quả đánh giá sức khỏe bổ sung và điều chỉnh mức độ can thiệp cho phù hợp.'),
('TPA-CT015-G1', 'TPA-PD015', 'GD001', 1, N'Khám đánh giá ban đầu, theo dõi hội chứng cai, hỗ trợ ổn định thể chất và hướng dẫn nội quy điều trị trong tuần đầu. Loại chất sử dụng chính: HEROIN. Bác sĩ đề xuất theo dõi sát biểu hiện thể chất, tâm lý và mức độ hợp tác của học viên trong từng buổi sinh hoạt.', N'Ổn định thể trạng, giảm triệu chứng cai cấp, bảo đảm người cai nghiện hợp tác với phác đồ. Mục tiêu bổ sung: giảm nguy cơ tái nghiện, tăng khả năng tuân thủ nội quy và chuẩn bị đánh giá định kỳ.', DATEADD(day, -25, GETDATE()), DATEADD(day, 45, GETDATE()), 'DANG_AP_DUNG', 'TPA-QL01', DATEADD(day, -6, GETDATE()), N'Đã phê duyệt áp dụng. Tiếp tục theo dõi diễn biến sức khỏe, tâm lý và báo cáo kết quả định kỳ.'),
('TPA-CT015-G2', 'TPA-PD015', 'GD002', 2, N'Tư vấn tâm lý cá nhân, tham gia sinh hoạt nhóm, lao động trị liệu nhẹ và theo dõi đáp ứng điều trị hằng tuần. Loại chất sử dụng chính: HEROIN. Bác sĩ đề xuất theo dõi sát biểu hiện thể chất, tâm lý và mức độ hợp tác của học viên trong từng buổi sinh hoạt.', N'Phục hồi sức khỏe, điều chỉnh hành vi, nâng cao nhận thức về tác hại của chất gây nghiện. Mục tiêu bổ sung: giảm nguy cơ tái nghiện, tăng khả năng tuân thủ nội quy và chuẩn bị đánh giá định kỳ.', DATEADD(day, -11, GETDATE()), DATEADD(day, 31, GETDATE()), 'TU_CHOI', 'TPA-QL01', DATEADD(day, -6, GETDATE()), N'Chưa đủ căn cứ đánh giá hoặc nội dung phác đồ cần bác sĩ bổ sung thêm mục tiêu, thời gian theo dõi và hướng xử lý khi có biểu hiện bất thường.'),
('TPA-CT015-G3', 'TPA-PD015', 'GD003', 3, N'Xây dựng kế hoạch tái hòa nhập, tư vấn gia đình, đánh giá nguy cơ tái nghiện và chuẩn bị hồ sơ hoàn thành. Loại chất sử dụng chính: HEROIN. Bác sĩ đề xuất theo dõi sát biểu hiện thể chất, tâm lý và mức độ hợp tác của học viên trong từng buổi sinh hoạt.', N'Chuẩn bị kỹ năng sống, kết nối gia đình, giảm nguy cơ tái nghiện sau khi rời trung tâm. Mục tiêu bổ sung: giảm nguy cơ tái nghiện, tăng khả năng tuân thủ nội quy và chuẩn bị đánh giá định kỳ.', DATEADD(day, --3, GETDATE()), DATEADD(day, 17, GETDATE()), 'CHO_PHE_DUYET', NULL, NULL, NULL);

GO

/* 5. Query kiem tra nhanh du lieu cho giao dien phe duyet phac do */
SELECT TrangThai, COUNT(*) AS SoLuong
FROM ChiTietPhacDoDieuTri
WHERE MaChiTietPhacDo LIKE 'TPA-CT%'
GROUP BY TrangThai
ORDER BY CASE TrangThai WHEN 'CHO_PHE_DUYET' THEN 1 WHEN 'DANG_AP_DUNG' THEN 2 WHEN 'TU_CHOI' THEN 3 WHEN 'TAM_DUNG' THEN 4 WHEN 'DA_HOAN_THANH' THEN 5 ELSE 6 END;

SELECT TOP 50
    ct.MaChiTietPhacDo AS detailPlanId,
    pd.MaPhacDoDT AS treatmentPlanId,
    ba.MaBenhAn AS medicalRecordId,
    ncn.MaNguoiCaiNghien AS patientId,
    ncn.HoTen AS patientName,
    gd.TenGiaiDoan AS stageName,
    ct.ThuTu AS stageOrder,
    pd.LoaiMaTuy AS drugType,
    ct.NoiDungPhacDoDT AS treatmentContent,
    ct.MucTieu AS goal,
    ct.NgayBatDau AS startDate,
    ct.NgayKetThucDuKien AS expectedEndDate,
    ct.TrangThai AS status,
    ct.MaQuanLy AS managerId,
    ct.NgayPheDuyet AS approvedAt,
    ct.GhiChuPheDuyet AS approvalNote
FROM ChiTietPhacDoDieuTri ct
JOIN PhacDoDieuTri pd ON ct.MaPhacDoDT = pd.MaPhacDoDT
JOIN HoSoBenhAn ba ON pd.MaBenhAn = ba.MaBenhAn
LEFT JOIN NguoiCaiNghien ncn ON ba.MaNguoiCaiNghien = ncn.MaNguoiCaiNghien
LEFT JOIN DanhMucGiaiDoan gd ON ct.MaGiaiDoan = gd.MaGiaiDoan
WHERE ct.MaChiTietPhacDo LIKE 'TPA-CT%'
ORDER BY CASE ct.TrangThai WHEN 'CHO_PHE_DUYET' THEN 1 WHEN 'DANG_AP_DUNG' THEN 2 WHEN 'TU_CHOI' THEN 3 ELSE 4 END, ct.NgayBatDau DESC;
GO
